Annual Distance (miles/vehicle),2020.0
LDVs,11788.256216896
HDVs,23014.500702461
aircraft,307085.557406164
rail,0.0
ships,215.42216523
motorbikes,2324.11645271
