Annual Distance (miles/vehicle),2020.0
LDVs,11761.650365525
HDVs,23263.682474342
aircraft,1891320.830241352
rail,0.0
ships,215.126721784
motorbikes,2318.330145736
