Annual Distance (miles/vehicle),2020.0
LDVs,10614.487385879
HDVs,46644.627959311
aircraft,1838257.513883121
rail,25803.833589899
ships,0.0
motorbikes,0.0
