Annual Distance (miles/vehicle),2020.0
LDVs,10638.967861161
HDVs,46144.901768171
aircraft,298469.951126911
rail,25527.055005769
ships,0.0
motorbikes,0.0
