Annual Distance (miles/vehicle),2020.0
LDVs,10338.561287957
HDVs,47525.197959924
aircraft,1395007.676051858
rail,25355.841041562
ships,0.0
motorbikes,0.0
