Annual Distance (miles/vehicle),2020.0
LDVs,11849.943089569
HDVs,12934.584566146
aircraft,1786494.916500748
rail,0.0
ships,202.491760713
motorbikes,2014.479887507
