solar pv,Hour0,Hour1,Hour2,Hour3,Hour4,Hour5,Hour6,Hour7,Hour8,Hour9,Hour10,Hour11,Hour12,Hour13,Hour14,Hour15,Hour16,Hour17,Hour18,Hour19,Hour20,Hour21,Hour22,Hour23
Winter,0,0,0,0,0,0.0,0.0,0.02568137797978293,0.2120951821244194,0.36937104014161115,0.39550205300239083,0.38832796789220275,0.36989695236849124,0.3714907474377383,0.3757141036413856,0.2928528184291425,0.0956999669035587,0.0029708018922994144,0.0,0.0,0,0,0,0
Spring,0,0,0,0,0,0.05424724401310249,0.2652394155700769,0.5498693353831351,0.7074322370966775,0.7500220946303684,0.7578053948583355,0.7604148830069775,0.7359308586277051,0.7132935489382412,0.6880015868821785,0.6603008665350624,0.5591882190216485,0.3125112970320035,0.07418975536445026,0.0,0,0,0,0
Summer,0,0,0,0,0,0.14121530060480997,0.4866305473699703,0.7493681652063819,0.8491703582271128,0.8795721641406429,0.8853404942205885,0.873655247821288,0.8562016713420416,0.8440865861787341,0.8328152585892179,0.8011610829435191,0.7273031086540243,0.5644632035636779,0.24235476978022902,0.006288381917879817,0,0,0,0
Fall,0,0,0,0,0,0.0,0.09288823519676413,0.4421822091693755,0.6895965665866508,0.7348562134925944,0.7177059860864294,0.694955066588224,0.687825536925114,0.6917838639036773,0.7076701513377202,0.6691843144620139,0.43315298529666796,0.10916051627498809,9.082203392497102e-05,0.0,0,0,0,0
Summer Peak,0,0,0,0,0,0.0,0.17082110880721635,0.4233593426384254,0.5304687946472746,0.5258520079227552,0.5133866837665529,0.5133866837665529,0.5027680743001585,0.4635253871417438,0.46121699377948416,0.48891771412660034,0.5069231823522258,0.3499524337185675,0.037857651141058754,0.0,0,0,0,0
Winter Peak,0,0,0,0,0,0.0,0.0,0.0,0.0332408644165394,0.09464412785264689,0.13665688704577308,0.16666600075514892,0.17359118084192798,0.10710945200884917,0.08494887573115623,0.027700720347116167,0.0,0.0,0.0,0.0,0,0,0,0
