solar pv,Hour0,Hour1,Hour2,Hour3,Hour4,Hour5,Hour6,Hour7,Hour8,Hour9,Hour10,Hour11,Hour12,Hour13,Hour14,Hour15,Hour16,Hour17,Hour18,Hour19,Hour20,Hour21,Hour22,Hour23
Winter,0,0,0,0,0,0.0,0.0,0.023177536231884073,0.19141666666666665,0.3333586956521739,0.3569420289855073,0.3504673913043478,0.33383333333333337,0.3352717391304348,0.33908333333333335,0.26430072463768123,0.0863695652173913,0.002681159420289855,0.0,0.0,0,0,0,0
Spring,0,0,0,0,0,0.04895833333333333,0.2393795289855072,0.4962590579710144,0.6384601449275362,0.676897644927536,0.6839221014492753,0.686277173913044,0.6641802536231883,0.6437499999999999,0.6209239130434782,0.5959239130434781,0.5046693840579708,0.2820425724637681,0.06695652173913044,0.0,0,0,0,0
Summer,0,0,0,0,0,0.1274473180076628,0.439185823754789,0.6763074712643676,0.7663793103448276,0.7938170498084289,0.799022988505747,0.788477011494253,0.7727250957854406,0.7617911877394637,0.7516187739463603,0.723050766283525,0.6563936781609196,0.5094300766283524,0.2187260536398468,0.005675287356321838,0,0,0,0
Fall,0,0,0,0,0,0.0,0.08383196721311477,0.39907103825136603,0.6223633879781421,0.6632103825136609,0.6477322404371585,0.6271994535519124,0.6207650273224044,0.6243374316939891,0.6386748633879782,0.6039412568306013,0.3909221311475409,0.09851775956284152,8.196721311475408e-05,0.0,0,0,0,0
Summer Peak,0,0,0,0,0,0.0,0.15416666666666667,0.38208333333333333,0.47875,0.47458333333333336,0.4633333333333333,0.4633333333333333,0.45375000000000004,0.41833333333333333,0.41625,0.44125000000000003,0.45749999999999996,0.3158333333333333,0.034166666666666665,0.0,0,0,0,0
Winter Peak,0,0,0,0,0,0.0,0.0,0.0,0.030000000000000002,0.08541666666666667,0.12333333333333334,0.15041666666666667,0.15666666666666668,0.09666666666666666,0.07666666666666666,0.025,0.0,0.0,0.0,0.0,0,0,0,0
