solar pv dist,Hour0,Hour1,Hour2,Hour3,Hour4,Hour5,Hour6,Hour7,Hour8,Hour9,Hour10,Hour11,Hour12,Hour13,Hour14,Hour15,Hour16,Hour17,Hour18,Hour19,Hour20,Hour21,Hour22,Hour23
Winter,0,0,0,0,0.0,0.0,3.710804626136433e-05,0.033875523120374375,0.1475374688189334,0.24767147009709947,0.2677716618220051,0.26351660585070197,0.24690457047436448,0.32884738285195947,0.32476137464695815,0.22527057950398913,0.06701713154802401,0.022223596594305978,0.0,0.0,0,0,0,0
Spring,0,0,0,0,0.00015461685942235148,0.003937576019955882,0.16522872987403883,0.3304883831199621,0.40341600181417114,0.4301492568082958,0.4427402230605893,0.4474818067495414,0.43079349372255554,0.5150081431545964,0.49833529181355296,0.4650668975611766,0.37357494794565743,0.21254148885727833,0.05059063640299337,0.0005875440658049355,0,0,0,0
Summer,0,0,0,0,0.0014006747219088417,0.018988135140585238,0.2746575977065996,0.4317457203119635,0.493032052015718,0.5119983867715262,0.5161241095905342,0.5085157753034341,0.49560449741937956,0.6058653935241957,0.6046391218805015,0.5806750489146134,0.49959396783353205,0.28593929682858893,0.11312219660677009,0.008905457181319252,0,0,0,0
Fall,0,0,0,0,0.0,0.0,0.09675162651866706,0.312998935086942,0.44129375276916255,0.47288358246080436,0.4708858988410324,0.45408048255330385,0.4493078065122931,0.5449245621808179,0.5614579203880325,0.5001127097762129,0.295602764110098,0.1048822765820177,0.002518480516754891,0.0,0,0,0,0
Summer Peak,0,0,0,0,0.0,0.000474158368895211,0.05215742057847321,0.09056424845898531,0.1299193930772878,0.12802275960170698,0.31673779042200095,0.1602655286865813,0.24324324324324323,0.319108582266477,0.3565670934091987,0.39023233760075865,0.2977714556661925,0.19582740635372212,0.02513039355144618,0.0,0,0,0,0
Winter Peak,0,0,0,0,0.0,0.0,0.0,0.0,0.01422475106685633,0.024656235182550973,0.06211474632527264,0.08392603129445234,0.05832147937411095,0.043148411569464196,0.03176861071597914,0.0033191085822664767,0.0,0.0,0.0,0.0,0,0,0,0
