Unit: dimensionless (ratio of electricity demand in this hour to annual demand),Hour0,Hour1,Hour2,Hour3,Hour4,Hour5,Hour6,Hour7,Hour8,Hour9,Hour10,Hour11,Hour12,Hour13,Hour14,Hour15,Hour16,Hour17,Hour18,Hour19,Hour20,Hour21,Hour22,Hour23
Winter,0,0,0,0,0.0,0.0,3.556187766714082e-05,0.032776197249881456,0.1452228544333808,0.24481191718033835,0.2644539276118224,0.2594713134186818,0.2436976450134345,0.32209182867077607,0.31612928718191874,0.21686028133396554,0.06422475106685635,0.02129761340287656,0.0,0.0,0,0,0,0
Spring,0,0,0,0,0.00015461685942235148,0.003937576019955882,0.16522872987403883,0.3304883831199621,0.40341600181417114,0.4301492568082958,0.4427402230605893,0.4474818067495414,0.43079349372255554,0.5150081431545964,0.49833529181355296,0.4650668975611766,0.37357494794565743,0.21254148885727833,0.05059063640299337,0.0005875440658049355,0,0,0,0
Summer,0,0,0,0,0.0014585523738841815,0.01901271981363516,0.2728369101366814,0.42601583276640487,0.4870843383429194,0.506658832745789,0.5132712804337517,0.5047570453748944,0.49281546993217495,0.6031861380831631,0.6020162038468676,0.5790092151648216,0.4975467458304984,0.2883759045086276,0.11349908260663406,0.009055394066835717,0,0,0,0
Fall,0,0,0,0,0.0,0.0,0.09675162651866706,0.312998935086942,0.44129375276916255,0.47288358246080436,0.4708858988410324,0.45408048255330385,0.4493078065122931,0.5449245621808179,0.5614579203880325,0.5001127097762129,0.295602764110098,0.1048822765820177,0.002518480516754891,0.0,0,0,0,0
Summer Peak,0,0,0,0,0.0,0.000474158368895211,0.05215742057847321,0.09056424845898531,0.1299193930772878,0.12802275960170698,0.31673779042200095,0.1602655286865813,0.24324324324324323,0.319108582266477,0.3565670934091987,0.39023233760075865,0.2977714556661925,0.19582740635372212,0.02513039355144618,0.0,0,0,0,0
Winter Peak,0,0,0,0,0.0,0.0,0.0,0.0,0.01422475106685633,0.024656235182550973,0.06211474632527264,0.08392603129445234,0.05832147937411095,0.043148411569464196,0.03176861071597914,0.0033191085822664767,0.0,0.0,0.0,0.0,0,0,0,0
